,count(distinct(hashKey)),label,note
0,3,0,1000Guess
1,27,2,1000Guess
2,7,2,bingo4beast long official (b4b)
3,14,4,bingo4beast long official (b4b)
4,5,3,BlackJack
5,1,4,BlackJack
6,1,0,Chibi-Fighters
7,11,4,Chibi-Fighters
8,8,4,CityMayor
9,2,4,CoinFlip
10,18,0,DAO
11,11,2,DAO
12,94,4,DAO
13,15,0,dice for slice
14,1,2,dice for slice
15,6,4,dice for slice
16,190,0,dice2.win
17,13,1,dice2.win
18,11,2,dice2.win
19,186,4,dice2.win
20,27,4,dicegame
21,5,0,diceroll.app
22,11,4,diceroll.app
23,1,0,ETH-Town
24,6,2,ETH-Town
25,16,4,ETH-Town
26,2,4,ethcrystal fomo
27,7,0,ethdice
28,2,2,ethdice
29,406,4,ethdice
30,31,0,EtherCartel
31,1,3,EtherCartel
32,1744,4,EtherCartel
33,3,0,Etheroll
34,8,4,Etheroll
35,1,4,FirePonzi
36,145,0,fomo lightning
37,216,1,fomo lightning
38,287,2,fomo lightning
39,4,3,fomo lightning
40,2134,4,fomo lightning
41,120,0,fomo short
42,779,1,fomo short
43,346,2,fomo short
44,6,3,fomo short
45,5009,4,fomo short
46,1,0,fomo super
47,1,2,fomo super
48,6,3,fomo super
49,206,4,fomo super
50,1,0,fomo2d
51,3,1,fomo2d
52,4,2,fomo2d
53,219,4,fomo2d
54,9743,0,fomo3d
55,17311,1,fomo3d
56,15600,2,fomo3d
57,183,3,fomo3d
58,174263,4,fomo3d
59,2,0,fomo3d loop
60,3,1,fomo3d loop
61,2,2,fomo3d loop
62,1,3,fomo3d loop
63,123,4,fomo3d loop
64,19,0,fomo3dlong
65,47,2,fomo3dlong
66,258,4,fomo3dlong
67,10,0,fomo4d
68,93,2,fomo4d
69,1407,4,fomo4d
70,6,0,fomo4d chess
71,21,2,fomo4d chess
72,2,3,fomo4d chess
73,268,4,fomo4d chess
74,2,0,fomo777
75,17,1,fomo777
76,2,0,fomofast
77,6,2,fomofast
78,11,4,fomofast
79,53,0,fomogame
80,15,2,fomogame
81,1,3,fomogame
82,6461,4,fomogame
83,113,0,fomojp
84,145,1,fomojp
85,1046,2,fomojp
86,6,3,fomojp
87,1874,4,fomojp
88,3,0,fomolol
89,6,2,fomolol
90,108,4,fomolol
91,519,4,fomosports
92,33,0,fomowar
93,25,2,fomowar
94,1371,4,fomowar
95,11,0,fomoﬁve
96,7,1,fomoﬁve
97,17,2,fomoﬁve
98,1,3,fomoﬁve
99,890,4,fomoﬁve
100,10,0,full fomo
101,69,4,full fomo
102,1,4,GovernMental Ponzi Scheme
103,75,0,grand theft fomo
104,1,1,grand theft fomo
105,20,2,grand theft fomo
106,4,3,grand theft fomo
107,932,4,grand theft fomo
108,39,0,imfomo
109,13,2,imfomo
110,1,3,imfomo
111,740,4,imfomo
112,89,0,infinity
113,28,1,infinity
114,11,2,infinity
115,1,3,infinity
116,109,4,infinity
117,1,4,koreanfomo3d
118,5,4,LastIsMe
119,29,0,lastwinner
120,6,1,lastwinner
121,927,2,lastwinner
122,970,4,lastwinner
123,1,4,lucky dice
124,35,4,LuckyBlock
125,3,0,LuckyDoubler
126,43,2,LuckyDoubler
127,6,4,LuckyDoubler
128,5,0,multiplayer dice online
129,2,4,notfomo3d
130,84,0,powh-3d
131,51,2,powh-3d
132,186,4,powh-3d
133,44,0,ratscam
134,1,1,ratscam
135,62,2,ratscam
136,1380,4,ratscam
137,6,0,Roulette
138,2,4,slotthereum
139,4,4,SmartBillions
140,4,0,smartdice
141,88,4,smartdice
142,12,0,souha
143,324,1,souha
144,39,2,souha
145,150,3,souha
146,487,4,souha
147,13,0,spacewar
148,607,1,spacewar
149,270,2,spacewar
150,1,3,spacewar
151,121,4,spacewar
152,4,0,StackyGame
153,62,0,supercard
154,13,1,supercard
155,103,2,supercard
156,6,3,supercard
157,876,4,supercard
158,1,2,unnamed1
159,69,4,unnamed1
160,14,0,unnamed2
161,3,2,unnamed2
162,89,4,unnamed2
163,6,2,unnamed4
164,58,0,vdize
165,9,2,vdize
166,165,4,vdize
167,51,0,world fomo
168,238,2,world fomo
169,1390,4,world fomo
