,count(distinct(hashKey)),note,txLabelNew
0,30,1000Guess,1
1,19,bingo4beast long official (b4b),1
2,2,bingo4beast long official (b4b),4
3,6,BlackJack,0
4,12,Chibi-Fighters,4
5,8,CityMayor,1
6,2,CoinFlip,1
7,123,DAO,1
8,2,dice for slice,1
9,20,dice for slice,4
10,255,dice2.win,1
11,145,dice2.win,4
12,27,dicegame,4
13,6,diceroll.app,1
14,10,diceroll.app,4
15,23,ETH-Town,4
16,2,ethcrystal fomo,4
17,415,ethdice,4
18,1776,EtherCartel,1
19,11,Etheroll,4
20,1,FirePonzi,1
21,959,fomo lightning,1
22,75,fomo lightning,2
23,1794,fomo lightning,4
24,1037,fomo short,1
25,49,fomo short,2
26,5207,fomo short,4
27,7,fomo super,1
28,207,fomo super,4
29,1,fomo2d,1
30,226,fomo2d,4
31,39922,fomo3d,1
32,5902,fomo3d,2
33,172212,fomo3d,4
34,131,fomo3d loop,4
35,134,fomo3dlong,1
36,30,fomo3dlong,2
37,190,fomo3dlong,4
38,115,fomo4d,1
39,3,fomo4d,2
40,1395,fomo4d,4
41,6,fomo4d chess,1
42,291,fomo4d chess,4
43,17,fomo777,1
44,2,fomo777,4
45,7,fomofast,1
46,4,fomofast,2
47,12,fomofast,4
48,28,fomogame,1
49,18,fomogame,2
50,6488,fomogame,4
51,1296,fomojp,1
52,1165,fomojp,2
53,1584,fomojp,4
54,22,fomolol,1
55,95,fomolol,4
56,519,fomosports,4
57,100,fomowar,1
58,1,fomowar,2
59,1329,fomowar,4
60,71,fomoﬁve,1
61,27,fomoﬁve,2
62,855,fomoﬁve,4
63,79,full fomo,4
64,1,GovernMental Ponzi Scheme,1
65,32,grand theft fomo,1
66,5,grand theft fomo,2
67,1000,grand theft fomo,4
68,3,imfomo,2
69,790,imfomo,4
70,160,infinity,1
71,78,infinity,4
72,1,koreanfomo3d,4
73,2,LastIsMe,0
74,2,LastIsMe,1
75,1,LastIsMe,4
76,1604,lastwinner,1
77,41,lastwinner,2
78,327,lastwinner,4
79,1,lucky dice,4
80,5,LuckyBlock,0
81,29,LuckyBlock,1
82,1,LuckyBlock,3
83,52,LuckyDoubler,1
84,5,multiplayer dice online,4
85,2,notfomo3d,4
86,106,powh-3d,1
87,215,powh-3d,4
88,190,ratscam,1
89,28,ratscam,2
90,1297,ratscam,4
91,6,Roulette,1
92,2,slotthereum,1
93,4,SmartBillions,1
94,92,smartdice,4
95,735,souha,1
96,14,souha,2
97,263,souha,4
98,965,spacewar,1
99,25,spacewar,2
100,47,spacewar,4
101,3,StackyGame,1
102,1,StackyGame,3
103,330,supercard,1
104,77,supercard,2
105,730,supercard,4
106,23,unnamed1,1
107,22,unnamed1,2
108,47,unnamed1,4
109,2,unnamed2,1
110,104,unnamed2,4
111,6,unnamed4,1
112,232,vdize,4
113,124,world fomo,1
114,1555,world fomo,4
